month,formation_month,n_stocks,n_missing_returns,value_weighted,equal_weighted
1995-02,1995-01,500,1,,
1995-03,1995-02,500,0,0.026794688502143286,0.024733027999999997
1995-04,1995-03,500,0,0.02813500362256747,0.018691614
1995-05,1995-04,500,0,0.03869113268888121,0.035191518
1995-06,1995-05,500,0,0.026019694727035032,0.028372228
1995-07,1995-06,500,0,0.03511419696666163,0.040061436
1995-08,1995-07,500,0,0.007464781150915331,0.016452184
1995-09,1995-08,500,0,0.04349873009556924,0.030217966
1995-10,1995-09,500,0,-0.002047759822633798,-0.013995925999999997
1995-11,1995-10,500,0,0.0445217289715308,0.051619085999999995
1995-12,1995-11,500,2,,
1996-01,1995-12,500,2,,
1996-02,1996-01,500,0,0.012703027039558267,0.015693932
1996-03,1996-02,500,0,0.007651131049371382,0.012902576
1996-04,1996-03,500,2,,
1996-05,1996-04,500,0,0.026650885036658894,0.02187339
1996-06,1996-05,500,0,0.0025025431744731246,-0.009586170000000001
1996-07,1996-06,500,0,-0.04612649961657085,-0.05618106399999999
1996-08,1996-07,500,0,0.023204104942517064,0.034306014
1996-09,1996-08,500,0,0.057625117146561725,0.053108534
1996-10,1996-09,500,0,0.02247825406306581,0.012471026
1996-11,1996-10,500,0,0.07492062795708028,0.069497182
1996-12,1996-11,500,0,-0.019045232605049135,-0.019252864
1997-01,1996-12,500,2,,
1997-02,1997-01,500,0,0.0046778949203083965,0.004075838
1997-03,1997-02,500,0,-0.04419627559814036,-0.0421742
1997-04,1997-03,500,1,,
1997-05,1997-04,500,0,0.06281564389233413,0.07323612399999999
1997-06,1997-05,500,1,,
1997-07,1997-06,500,0,0.08242734653073669,0.086988416
1997-08,1997-07,500,1,,
1997-09,1997-08,500,1,,
1997-10,1997-09,500,0,-0.030875728108274113,-0.034628474
1997-11,1997-10,500,0,0.04530663730475866,0.031679014000000005
1997-12,1997-11,500,1,,
1998-01,1997-12,500,0,0.009912499342138354,-0.010547954
1998-02,1998-01,500,0,0.07252935789216261,0.07838273000000001
1998-03,1998-02,500,0,0.052740763314579886,0.051154602
1998-04,1998-03,500,2,,
1998-05,1998-04,500,0,-0.01963303644070506,-0.027310101999999996
1998-06,1998-05,500,0,0.04613249566502001,0.026695943999999996
1998-07,1998-06,500,3,,
1998-08,1998-07,500,0,-0.14639231845997536,-0.15267847799999998
1998-09,1998-08,500,0,0.06629155791335385,0.061123882000000004
1998-10,1998-09,500,1,,
1998-11,1998-10,500,0,0.06459426422043352,0.055266396
1998-12,1998-11,500,0,0.06743799485098002,0.056907202
1999-01,1998-12,500,3,,
1999-02,1999-01,500,0,-0.03243910563631437,-0.027170111999999996
1999-03,1999-02,500,0,0.04297113014390301,0.040542644
1999-04,1999-03,500,0,0.039414151700869274,0.07816392400000001
1999-05,1999-04,500,1,,
1999-06,1999-05,500,1,,
1999-07,1999-06,500,1,,
1999-08,1999-07,500,2,,
1999-09,1999-08,500,0,-0.026746232522622756,-0.03230654000000001
1999-10,1999-09,500,1,,
1999-11,1999-10,500,0,0.030836897343276198,0.03670042
1999-12,1999-11,500,1,,
2000-01,1999-12,500,1,,
2000-02,2000-01,500,0,0.013033934799208932,0.043456434
2000-03,2000-02,500,0,0.06851578011009132,0.036101348
2000-04,2000-03,500,1,,
2000-05,2000-04,500,0,-0.03696188044423399,-0.024085998
2000-06,2000-05,500,0,0.043793245439402856,0.040385106
2000-07,2000-06,500,3,,
2000-08,2000-07,500,0,0.07455292865283783,0.101709062
2000-09,2000-08,500,0,-0.04997662551505322,-0.02174107
2000-10,2000-09,500,0,-0.0176294369748107,-0.022293064
2000-11,2000-10,500,0,-0.0980578855380932,-0.10634421000000001
2000-12,2000-11,500,1,,
2001-01,2000-12,500,1,,
2001-02,2001-01,500,1,,
2001-03,2001-02,500,1,,
2001-04,2001-03,500,0,0.07922648093447215,0.09121014399999999
2001-05,2001-04,500,0,0.005232283743439388,0.010010182
2001-06,2001-05,500,0,-0.023179150342309468,-0.022844096
2001-07,2001-06,500,0,-0.014216382745184985,-0.023055575999999998
2001-08,2001-07,500,0,-0.06429747273622569,-0.054285749999999994
2001-09,2001-08,500,1,,
2001-10,2001-09,500,0,0.019288225255483554,0.03519678
2001-11,2001-10,500,0,0.07505918796416272,0.085628116
2001-12,2001-11,500,0,0.009499021468784213,0.026898972
2002-01,2001-12,500,1,,
2002-02,2002-01,500,0,-0.020288867472377646,-0.022178416
2002-03,2002-02,500,0,0.036461431602181196,0.056457382
2002-04,2002-03,500,0,-0.05816798649137603,-0.031691176
2002-05,2002-04,500,0,-0.007448666273661089,-0.0097873
2002-06,2002-05,500,0,-0.07080291205536295,-0.07673135400000002
2002-07,2002-06,500,0,-0.07191123948754738,-0.09229972600000001
2002-08,2002-07,500,1,,
2002-09,2002-08,500,1,,
2002-10,2002-09,500,0,0.086433805721722,0.06352238
2002-11,2002-10,500,0,0.052823630823551314,0.06413702
2002-12,2002-11,500,0,-0.05739544897656155,-0.048048274
2003-01,2002-12,500,0,-0.024652181210822733,-0.017218174000000003
2003-02,2003-01,500,0,-0.016180283066967945,-0.01843843
2003-03,2003-02,500,0,0.011693258819849716,0.005870373999999999
2003-04,2003-03,500,0,0.07942514254673977,0.076617644
2003-05,2003-04,500,0,0.052244766591691964,0.080296084
2003-06,2003-05,500,0,0.013314754339935269,0.007715199999999999
2003-07,2003-06,500,0,0.018126998745982965,0.024738353999999997
2003-08,2003-07,500,0,0.01878054554852381,0.03740032
2003-09,2003-08,500,0,-0.011743306392571326,-0.01738895
2003-10,2003-09,500,0,0.05677248298689094,0.072713166
2003-11,2003-10,500,0,0.009661209439423949,0.019589834000000004
2003-12,2003-11,500,0,0.04782888235881998,0.039362617999999995
2004-01,2003-12,500,0,0.018145850854721417,0.020466138000000002
2004-02,2004-01,500,0,0.014140137925680845,0.018577323999999996
2004-03,2004-02,500,0,-0.015637167665195992,-0.007413468
2004-04,2004-03,500,1,,
2004-05,2004-04,500,0,0.011884580601908504,0.018092468
2004-06,2004-05,500,0,0.016620592733509687,0.023031508000000003
2004-07,2004-06,500,2,,
2004-08,2004-07,500,0,0.004307416849616776,0.0012640140000000002
2004-09,2004-08,500,1,,
2004-10,2004-09,500,2,,
2004-11,2004-10,500,1,,
2004-12,2004-11,500,1,,
2005-01,2004-12,500,0,-0.024372029218443187,-0.025336318
2005-02,2005-01,500,0,0.020776383743692558,0.024408851999999998
2005-03,2005-02,500,0,-0.0163808377301536,-0.011805368
2005-04,2005-03,500,0,-0.017605906710742893,-0.02744847
2005-05,2005-04,500,0,0.03414786826692937,0.043040404
2005-06,2005-05,500,0,0.0026387896093023203,0.01900164
2005-07,2005-06,500,0,0.03686465737984959,0.047746224000000004
2005-08,2005-07,500,0,-0.008102658837752833,-0.00731413
2005-09,2005-08,500,0,0.008110945326797146,0.011084519999999997
2005-10,2005-09,500,2,,
2005-11,2005-10,500,0,0.03737576380935712,0.041221806
2005-12,2005-11,500,0,3.575837107633767e-05,0.008577992000000001
2006-01,2005-12,500,1,,
2006-02,2006-01,500,1,,
2006-03,2006-02,500,0,0.013407355432733647,0.018741978
2006-04,2006-03,500,3,,
2006-05,2006-04,500,0,-0.02752664950545101,-0.03142575
2006-06,2006-05,500,0,0.0020494319557502303,0.002051306
2006-07,2006-06,500,0,0.004512537914087132,-0.012853261999999999
2006-08,2006-07,500,0,0.02448400547834121,0.024337494
2006-09,2006-08,500,0,0.02468114379859165,0.021539244
2006-10,2006-09,500,1,,
2006-11,2006-10,500,1,,
2006-12,2006-11,500,2,,
2007-01,2006-12,500,1,,
2007-02,2007-01,500,0,-0.01979795574368169,-0.00436212
2007-03,2007-02,500,0,0.011176280172363436,0.009743065999999998
2007-04,2007-03,500,0,0.04199236851400323,0.041214799999999996
2007-05,2007-04,500,0,0.03519373091861284,0.037654106
2007-06,2007-05,500,0,-0.016509505099944168,-0.017473201999999997
2007-07,2007-06,500,1,,
2007-08,2007-07,500,0,0.015857102141829647,0.005924706
2007-09,2007-08,500,0,0.038965939062718224,0.034329988
2007-10,2007-09,500,1,,
2007-11,2007-10,500,0,-0.039731091668655384,-0.044692341999999996
2007-12,2007-11,500,0,-0.004966430628150519,-0.007790994
2008-01,2007-12,500,0,-0.0616852713650246,-0.06029038799999999
2008-02,2008-01,500,0,-0.02884079991347967,-0.021227808000000004
2008-03,2008-02,500,0,-0.006557883857531637,-0.017559725999999998
2008-04,2008-03,500,0,0.04848179485227817,0.060735067999999996
2008-05,2008-04,500,0,0.015194581776333696,0.033609408
2008-06,2008-05,500,0,-0.08077004007767771,-0.081342468
2008-07,2008-06,500,0,-0.009997467191323857,-0.020148428
2008-08,2008-07,500,0,0.012758584292906968,0.011538846
2008-09,2008-08,500,0,-0.0904927635855091,-0.126518258
2008-10,2008-09,500,0,-0.16311051379522348,-0.20242625600000003
2008-11,2008-10,500,0,-0.06957813540576324,-0.083432008
2008-12,2008-11,500,0,0.011209662984167354,0.027955584
2009-01,2008-12,500,3,,
2009-02,2009-01,500,0,-0.09873706499455673,-0.09832447799999999
2009-03,2009-02,500,0,0.08758989620230319,0.09026479999999999
2009-04,2009-03,500,0,0.08538345982698457,0.12154466600000001
2009-05,2009-04,500,0,0.05223819861716584,0.050465824
2009-06,2009-05,500,0,0.0021137442532624443,-0.0024596800000000005
2009-07,2009-06,500,1,,
2009-08,2009-07,500,0,0.03178523965785319,0.036973506
2009-09,2009-08,500,0,0.036109940162374676,0.050676028000000005
2009-10,2009-09,500,0,-0.018300925131221047,-0.032246218
2009-11,2009-10,500,0,0.059149231735146635,0.051269424
2009-12,2009-11,500,0,0.0186497085190231,0.04422037200000001
2010-01,2009-12,500,1,,
2010-02,2010-01,500,0,0.03152925158283537,0.043826774
2010-03,2010-02,500,2,,
2010-04,2010-03,500,0,0.013681899401100733,0.028264808000000002
2010-05,2010-04,500,0,-0.07899300309723817,-0.07322002799999999
2010-06,2010-05,500,1,,
2010-07,2010-06,500,0,0.06948763414141941,0.07306192200000002
2010-08,2010-07,500,0,-0.04398184384838093,-0.044393478
2010-09,2010-08,500,0,0.09038067966946522,0.10224830800000001
2010-10,2010-09,500,0,0.039188055587042164,0.040370583999999994
2010-11,2010-10,500,0,0.0010851599555854476,0.014719144
2010-12,2010-11,500,0,0.06559176842294569,0.06539062799999999
2011-01,2010-12,500,0,0.02156924060380675,0.020242863999999996
2011-02,2011-01,500,0,0.03194633414582454,0.039022034
2011-03,2011-02,500,1,,
2011-04,2011-03,500,1,,
2011-05,2011-04,500,0,-0.01194015815671965,-0.005642912000000001
2011-06,2011-05,500,1,,
2011-07,2011-06,500,0,-0.020311448107812154,-0.032906819999999996
2011-08,2011-07,500,0,-0.05415840597759603,-0.064507486
2011-09,2011-08,500,0,-0.06819843389085337,-0.085398134
2011-10,2011-09,500,0,0.10603083071625417,0.12382324200000001
2011-11,2011-10,500,0,-0.00231144224007231,-0.003701031999999999
2011-12,2011-11,500,0,0.008916484241791806,-0.002790204
2012-01,2011-12,500,0,0.045904512199521234,0.05749128
2012-02,2012-01,500,0,0.04533141556492814,0.046002207999999996
2012-03,2012-02,500,0,0.03321898837885778,0.024568206
2012-04,2012-03,500,1,,
2012-05,2012-04,500,0,-0.05897526577318755,-0.06741230799999999
2012-06,2012-05,500,0,0.03964165495556109,0.032745996000000006
2012-07,2012-06,500,0,0.01136104414253254,6.567999999999685e-06
2012-08,2012-07,500,0,0.023397625559426056,0.029271074
2012-09,2012-08,500,0,0.026757827003803393,0.025343651999999998
2012-10,2012-09,500,0,-0.017748923464254263,-0.007777204
2012-11,2012-10,500,0,0.006007209165198196,0.012334144
2012-12,2012-11,500,0,0.008657003632229382,0.021389305999999997
2013-01,2012-12,500,0,0.053150972313897565,0.065983284
2013-02,2013-01,500,0,0.01284166228966144,0.012144838
2013-03,2013-02,500,0,0.0390472642424914,0.046260381999999996
2013-04,2013-03,500,0,0.019052714249097737,0.014565680000000001
2013-05,2013-04,500,0,0.024413940672681194,0.026435704
2013-06,2013-05,500,0,-0.013218066657610229,-0.011426344
2013-07,2013-06,500,0,0.05351504317628143,0.060404124
2013-08,2013-07,500,0,-0.027111725755990374,-0.023240822
2013-09,2013-08,500,0,0.03301757269310094,0.042733372
2013-10,2013-09,500,1,,
2013-11,2013-10,500,0,0.03067342827115522,0.023333034
2013-12,2013-11,500,0,0.02784140616428692,0.031787092
2014-01,2013-12,500,0,-0.035413156255161005,-0.02907699
2014-02,2014-01,500,0,0.0455576726881421,0.05500060600000001
2014-03,2014-02,500,0,0.005753297666988986,-0.0020869480000000004
2014-04,2014-03,500,0,0.004426093751652667,-0.004059116
2014-05,2014-04,500,1,,
2014-06,2014-05,500,0,0.02035979927935131,0.02855061
2014-07,2014-06,500,1,,
2014-08,2014-07,500,0,0.040891648974454166,0.045609818
2014-09,2014-08,500,0,-0.013370112751395297,-0.02334593
2014-10,2014-09,500,0,0.022512558607523686,0.027192599999999997
2014-11,2014-10,500,0,0.02927436241430046,0.028680466
2014-12,2014-11,500,0,-0.003671887430990021,0.0007561219999999996
2015-01,2014-12,500,0,-0.030239323603201883,-0.024795754000000003
2015-02,2015-01,500,0,0.05892411120403434,0.06166779399999999
2015-03,2015-02,500,0,-0.015319354439122936,-0.006765335999999999
2015-04,2015-03,500,1,,
2015-05,2015-04,500,0,0.012367293212705367,0.012113194
2015-06,2015-05,500,0,-0.01760234971494193,-0.016984855999999996
2015-07,2015-06,500,0,0.020835839202268464,0.010060808
2015-08,2015-07,500,0,-0.060217936275526934,-0.054348523999999995
2015-09,2015-08,500,0,-0.02528077069674687,-0.034157311999999995
2015-10,2015-09,500,0,0.0811306438849873,0.068646184
2015-11,2015-10,500,0,0.002620364926578372,0.003100981999999999
2015-12,2015-11,500,0,-0.01667841409212538,-0.025748544
2016-01,2015-12,500,0,-0.05192408035650567,-0.06445903
2016-02,2016-01,500,2,,
2016-03,2016-02,500,0,0.06700632339790984,0.073413002
2016-04,2016-03,500,0,0.006257530397657173,0.012924299999999998
2016-05,2016-04,500,1,,
2016-06,2016-05,500,1,,
2016-07,2016-06,500,2,,
2016-08,2016-07,500,0,0.00344443689748026,0.006350781999999998
2016-09,2016-08,500,0,0.0013111068582136165,0.0023684900000000004
2016-10,2016-09,500,1,,
2016-11,2016-10,500,0,0.040045234267450214,0.05456624000000001
2016-12,2016-11,500,0,0.018638625634210256,0.009148191999999998
2017-01,2016-12,500,0,0.020840427825773167,0.02682193
2017-02,2017-01,500,0,0.03916693617745545,0.03529489
2017-03,2017-02,500,0,0.0016522661166113667,-0.0012083379999999996
2017-04,2017-03,500,0,0.011978167468731366,0.011308254000000002
2017-05,2017-04,500,0,0.01582501995781948,0.012825586000000002
2017-06,2017-05,500,1,,
2017-07,2017-06,500,0,0.021186607749268106,0.01787904
2017-08,2017-07,500,0,0.005192999458999695,-0.0013577060000000008
2017-09,2017-08,500,2,,
2017-10,2017-09,500,0,0.025493615766474475,0.018881948000000003
2017-11,2017-10,500,1,,
2017-12,2017-11,500,0,0.012110610056582805,0.01250142
2018-01,2017-12,500,0,0.0612928796931372,0.053454256
2018-02,2018-01,500,0,-0.03507903368952198,-0.037969301999999996
2018-03,2018-02,500,0,-0.02696651701099843,-0.010541898
2018-04,2018-03,500,0,0.004340285097060461,0.0029735940000000004
2018-05,2018-04,500,0,0.024201889101764306,0.017958576
2018-06,2018-05,500,0,0.005876561853698153,0.007483554
2018-07,2018-06,500,0,0.036503821964696426,0.031158311999999997
2018-08,2018-07,500,0,0.03519788186651341,0.028036474
2018-09,2018-08,500,0,0.005418991998391707,0.0013159479999999997
2018-10,2018-09,500,1,,
2018-11,2018-10,500,0,0.018842958940228183,0.023154869999999998
2018-12,2018-11,500,0,-0.08932234904931333,-0.09483276600000001
2019-01,2018-12,500,0,0.080357122398426,0.09619801
2019-02,2019-01,500,0,0.03212830919356949,0.036763488000000004
2019-03,2019-02,500,0,0.018078381206653137,0.010074314000000001
2019-04,2019-03,500,0,0.04237055664101932,0.040272322
2019-05,2019-04,500,0,-0.06517384170545908,-0.06572917799999999
2019-06,2019-05,500,0,0.07003758748713812,0.07449813799999999
2019-07,2019-06,500,1,,
2019-08,2019-07,500,1,,
2019-09,2019-08,500,0,0.015457414094222572,0.014516301999999998
2019-10,2019-09,500,0,0.02334983289303632,0.014906912
2019-11,2019-10,500,0,0.03865846791818557,0.04183064
2019-12,2019-11,500,0,0.028573539927044592,0.022727954
2020-01,2019-12,500,0,0.004271186168454385,-0.006860481999999999
2020-02,2020-01,500,0,-0.07948275903616665,-0.080572562
2020-03,2020-02,500,0,-0.11844250898779916,-0.160298868
2020-04,2020-03,500,1,,
2020-05,2020-04,500,0,0.05335264471249864,0.07462436800000001
2020-06,2020-05,500,0,0.023688290198255968,0.015876802
2020-07,2020-06,500,0,0.06106114888801153,0.059566692000000004
2020-08,2020-07,500,0,0.07922293636582954,0.04298724
2020-09,2020-08,500,0,-0.03683872519008493,-0.014381264
2020-10,2020-09,500,0,-0.02669276745890576,-0.008247831999999998
2020-11,2020-10,500,0,0.11743075854347194,0.139153504
2020-12,2020-11,500,0,0.04147956117500934,0.044305396000000004
2021-01,2020-12,500,0,-0.007215213298592235,-0.006863618000000003
2021-02,2021-01,500,0,0.021539965612999666,0.04140081799999999
2021-03,2021-02,500,0,0.03381397345350608,0.033696962
2021-04,2021-03,500,0,0.05337926625906305,0.045996642
2021-05,2021-04,500,0,0.003464156161467079,0.010132909999999998
2021-06,2021-05,500,0,0.028963332263389967,0.016794543999999998
2021-07,2021-06,500,0,0.020414590270185065,0.006994266000000002
2021-08,2021-07,500,0,0.030402538502206016,0.025817868000000004
2021-09,2021-08,500,0,-0.04537262310004843,-0.038168512
2021-10,2021-09,500,0,0.07121482625120222,0.06101383200000001
2021-11,2021-10,500,0,-0.009970188349535098,-0.0310239
2021-12,2021-11,500,0,0.032544775682757446,0.036085148000000004
2022-01,2021-12,500,0,-0.05792207734583644,-0.06525914000000001
2022-02,2022-01,500,0,-0.02726165733811653,-0.010599713999999998
2022-03,2022-02,500,0,0.03475227564879457,0.023067834
2022-04,2022-03,500,0,-0.09452025712423233,-0.08021961799999999
2022-05,2022-04,500,0,-0.0027296001080382402,0.0033333160000000002
2022-06,2022-05,500,0,-0.0824408228759716,-0.090094026
2022-07,2022-06,500,0,0.09503060277408767,0.089304614
2022-08,2022-07,500,0,-0.03780806180820673,-0.024949649999999997
2022-09,2022-08,500,0,-0.09087482391803696,-0.091970576
2022-10,2022-09,500,0,0.07884472757406343,0.090718886
2022-11,2022-10,500,0,0.051441416274587745,0.058570342
2022-12,2022-11,500,0,-0.061117315815391184,-0.054043046000000004
2023-01,2022-12,500,0,0.06406976600960079,0.07173168
2023-02,2023-01,500,0,-0.02262803785043983,-0.029046606
2023-03,2023-02,500,0,0.03843899190282472,0.0022000580000000004
2023-04,2023-03,500,0,0.012964528077334224,-0.005062546
2023-05,2023-04,500,0,0.009857676259692569,-0.021019044
2023-06,2023-05,500,0,0.06639736821071573,0.07396194600000001
2023-07,2023-06,500,0,0.03403622509614354,0.037191155999999996
2023-08,2023-07,500,0,-0.016044308808104073,-0.03138669
2023-09,2023-08,500,0,-0.04632979023533619,-0.044395005999999994
2023-10,2023-09,500,0,-0.022074946760984683,-0.041034522000000004
2023-11,2023-10,500,0,0.09295373096869208,0.094759116
2023-12,2023-11,500,0,0.04523811795382246,0.066546948
2024-01,2023-12,500,0,0.017636930024002715,-0.0027799239999999996
2024-02,2024-01,500,0,0.055095592931817254,0.049688572
2024-03,2024-02,500,0,0.03234755023612065,0.04540675400000001
2024-04,2024-03,500,0,-0.03888778560786546,-0.047677375999999994
2024-05,2024-04,500,0,0.04879189420374191,0.026030636000000003
2024-06,2024-05,500,0,0.03742105965957778,-0.0005119739999999986
2024-07,2024-06,500,0,0.009956516173027407,0.035642568000000006
2024-08,2024-07,500,0,0.024017480456756255,0.023137118
2024-09,2024-08,500,0,0.022157309232437,0.021681040000000002
2024-10,2024-09,500,0,-0.005766747730511201,-0.007130405999999999
2024-11,2024-10,500,0,0.06533498441277275,0.07827814000000001
2024-12,2024-11,500,0,-0.022911378400539535,-0.061793878
2025-01,2024-12,500,0,0.031643701052031924,0.04702264
2025-02,2025-01,500,0,-0.018129327034373727,-0.019602102
2025-03,2025-02,500,0,-0.060290406857202765,-0.045373989999999996
2025-04,2025-03,500,0,-0.002736956489510564,-0.012618786
2025-05,2025-04,500,0,0.0662039059473311,0.05627694800000001
2025-06,2025-05,500,0,0.05329568485270108,0.04271105
2025-07,2025-06,500,0,0.024281965815791742,0.01249091
2025-08,2025-07,500,0,0.01805899815549949,0.019669732
2025-09,2025-08,500,0,0.04010324905898065,0.015569658
2025-10,2025-09,500,1,,
2025-11,2025-10,500,0,-0.0013366617699595016,0.003993164
2025-12,2025-11,500,0,-0.00025850079874036703,0.002546064
